Symbol,Company,MarketCap,TrailingPE,ForwardPE,EPS,DebtToEquity,,,,,,,,,,,
A,"Agilent Technologies, Inc.",41.60B,34.285046,25.971682,4.28,56.421,,,,,,,,,,,
AAPL,Apple Inc.,3.97T,35.987934,32.306858,7.46,152.411,,,,,,,,,,,
ABBV,AbbVie Inc.,387.34B,167.29771,18.0676,1.31,,,,,,,,,,,,
ABNB,"Airbnb, Inc.",73.30B,28.849642,26.86222,4.19,26.458,,,,,,,,,,,
ABT,Abbott Laboratories,219.72B,15.874372,24.488373,7.96,25.31,,,,,,,,,,,
ACGL,Arch Capital Group Ltd.,32.48B,8.394564,9.908186,10.67,11.501,,,,,,,,,,,
ACN,Accenture plc,152.41B,20.24382,17.466951,12.14,25.38,,,,,,,,,,,
ADBE,Adobe Inc.,136.86B,20.370718,15.909977,16.05,56.542,,,,,,,,,,,
ADI,"Analog Devices, Inc.",112.40B,58.1374,30.302387,3.93,25.541,,,,,,,,,,,
ADM,Archer-Daniels-Midland Company,27.38B,24.773912,11.238658,2.3,40.467,,,,,,,,,,,
ADP,"Automatic Data Processing, Inc.",102.79B,25.065088,23.381784,10.14,154.917,,,,,,,,,,,
ADSK,"Autodesk, Inc.",63.30B,61.783783,32.372547,4.81,100.7,,,,,,,,,,,
AEE,Ameren Corporation,28.31B,20.125002,21.270325,5.2,155.736,,,,,,,,,,,
AEP,"American Electric Power Company, Inc.",65.00B,17.804985,20.616299,6.82,152.132,,,,,,,,,,,
AES,The AES Corporation,10.06B,9.296053,6.9605913,1.52,302.896,,,,,,,,,,,
AFL,Aflac Incorporated,59.80B,14.992115,15.912133,7.61,50.003,,,,,,,,,,,
AIG,"American International Group, Inc.",41.51B,13.836331,11.464977,5.56,22.48,,,,,,,,,,,
AIZ,"Assurant, Inc.",11.23B,13.661389,12.517858,16.42,38.316,,,,,,,,,,,
AJG,Arthur J. Gallagher & Co.,64.20B,40.0016,22.164007,6.25,58.895,,,,,,,,,,,
AKAM,"Akamai Technologies, Inc.",12.06B,24.557184,12.535928,3.41,110.548,,,,,,,,,,,
ALB,Albemarle Corporation,11.44B,,52.815216,-1.59,36.655,,,,,,,,,,,
ALGN,"Align Technology, Inc.",9.67B,26.131783,13.1423,5.16,3.064,,,,,,,,,,,
ALL,The Allstate Corporation,52.94B,6.557212,10.630057,30.85,29.426,,,,,,,,,,,
ALLE,Allegion plc,14.40B,22.614866,21.482672,7.4,116.084,,,,,,,,,,,
AMAT,"Applied Materials, Inc.",183.28B,27.487457,23.743036,8.37,34.67,,,,,,,,,,,
AMCR,Amcor plc,19.32B,27.899998,10.594936,0.3,126.377,,,,,,,,,,,
AMD,"Advanced Micro Devices, Inc.",380.21B,121.635414,45.792156,1.92,6.366,,,,,,,,,,,
AME,"AMETEK, Inc.",45.19B,30.960566,26.88904,6.34,26.09,,,,,,,,,,,
AMGN,Amgen Inc.,172.42B,24.744978,15.491051,12.94,567.491,,,,,,,,,,,
AMP,"Ameriprise Financial, Inc.",42.87B,12.690594,11.944861,36.36,54.222,,,,,,,,,,,
AMT,American Tower Corporation,83.31B,28.426516,26.207659,6.26,418.09,,,,,,,,,,,
AMZN,"Amazon.com, Inc.",2.61T,34.472496,39.741463,7.09,43.405,,,,,,,,,,,
ANET,Arista Networks Inc,169.56B,51.197716,13.838643,2.63,,,,,,,,,,,,
AON,Aon plc,74.44B,27.7056,19.914894,12.5,214.88,,,,,,,,,,,
AOS,A. O. Smith Corporation,9.23B,17.859838,16.280098,3.71,12.063,,,,,,,,,,,
APA,APA Corporation,8.45B,5.7009573,8.665455,4.18,65.394,,,,,,,,,,,
APD,"Air Products and Chemicals, Inc.",57.81B,,18.330275,-1.74,105.56,,,,,,,,,,,
APH,Amphenol Corporation,170.25B,46.36333,64.39352,3,63.99,,,,,,,,,,,
APO,"Apollo Global Management, Inc.",76.83B,24.695894,15.60967,5.36,39.538,,,,,,,,,,,
APP,AppLovin Corporation,209.51B,73.018845,120.14147,8.49,238.274,,,,,,,,,,,
APTV,Aptiv PLC,18.08B,63.378788,11.985674,1.32,85.425,,,,,,,,,,,
ARE,"Alexandria Real Estate Equities, Inc.",9.61B,,16.165697,-2.47,66.083,,,,,,,,,,,
ATO,Atmos Energy Corporation,28.40B,24.435083,24.777311,7.24,67.241,,,,,,,,,,,
AVB,"AvalonBay Communities, Inc.",25.12B,21.658121,32.01805,8.19,71.748,,,,,,,,,,,
AVGO,Broadcom Inc.,1.65T,89.368286,56.63371,3.91,166.032,,,,,,,,,,,
AVY,Avery Dennison Corporation,13.45B,19.758228,16.546577,8.81,171.013,,,,,,,,,,,
AWK,"American Water Works Company, Inc.",25.53B,22.994726,22.954386,5.69,140.983,,,,,,,,,,,
AXON,"Axon Enterprise, Inc.",47.54B,192.49521,97.17904,3.13,69.33,,,,,,,,,,,
AXP,American Express Company,253.87B,24.75084,24.37434,14.89,185.273,,,,,,,,,,,
AZO,"AutoZone, Inc.",61.84B,25.641405,21.330082,145.01,,,,,,,,,,,,
BA,The Boeing Company,147.92B,,414.06384,-13.7,,,,,,,,,,,,
BAC,Bank of America Corporation,388.49B,14.535519,14.535519,3.66,,,,,,,,,,,,
BALL,Ball Corporation,13.13B,19.058367,13.875354,2.57,138.426,,,,,,,,,,,
BAX,Baxter International Inc.,9.25B,,6.2499995,-0.7,134.627,,,,,,,,,,,
BBY,"Best Buy Co., Inc.",16.60B,21.771349,11.554093,3.63,150.074,,,,,,,,,,,
BDX,"Becton, Dickinson and Company",50.97B,32.452553,11.305785,5.48,75.545,,,,,,,,,,,
BEN,"Franklin Resources, Inc.",11.58B,43.588234,8.55,0.51,26.57,,,,,,,,,,,
BG,Bunge Global SA,18.32B,10.666667,10.184946,8.88,102.816,,,,,,,,,,,
BIIB,Biogen Inc.,22.81B,14.1888685,9.334333,10.96,36.194,,,,,,,,,,,
BK,The Bank of New York Mellon Corporation,76.46B,15.821068,16.7902,6.93,,,,,,,,,,,,
BKNG,Booking Holdings Inc.,159.24B,32.155178,23.540623,153.63,,,,,,,,,,,,
BKR,Baker Hughes Company,47.24B,16.506895,18.62646,2.9,33.042,,,,,,,,,,,
BLDR,"Builders FirstSource, Inc.",12.10B,20.762808,9.392275,5.27,117.723,,,,,,,,,,,
BLK,"BlackRock, Inc.",167.90B,27.855856,22.040733,38.85,24.32,,,,,,,,,,,
BMY,Bristol-Myers Squibb Company,95.05B,15.720538,6.6415358,2.97,274.414,,,,,,,,,,,
BR,"Broadridge Financial Solutions, Inc.",25.88B,28.31673,23.713367,7.83,132.063,,,,,,,,,,,
BRO,"Brown & Brown, Inc.",26.82B,23.800001,19.202934,3.3,64.746,,,,,,,,,,,
BSX,Boston Scientific Corporation,148.27B,53.48663,35.84946,1.87,50.973,,,,,,,,,,,
BX,Blackstone Inc.,179.55B,42.057636,25.03259,3.47,60.337,,,,,,,,,,,
BXP,"BXP, Inc.",12.80B,,38.695187,-1.28,231.032,,,,,,,,,,,
C,Citigroup Inc.,180.34B,14.155899,14.018081,7.12,,,,,,,,,,,,
CAG,"Conagra Brands, Inc.",8.20B,9.683616,6.371747,1.77,92.867,,,,,,,,,,,
CAH,"Cardinal Health, Inc.",48.39B,30.673193,23.572916,6.64,,,,,,,,,,,,
CARR,Carrier Global Corporation,48.44B,35.94375,18.917763,1.6,83.159,,,,,,,,,,,
CAT,Caterpillar Inc.,263.80B,28.90657,25.422121,19.48,201.046,,,,,,,,,,,
CB,Chubb Limited,113.17B,12.02132,12.17916,23.92,30.958,,,,,,,,,,,
CBOE,"Cboe Global Markets, Inc.",26.85B,27.623251,27.954247,9.29,32.645,,,,,,,,,,,
CBRE,"CBRE Group, Inc.",45.43B,42.87921,25.441666,3.56,104.121,,,,,,,,,,,
CCI,Crown Castle Inc.,38.99B,,33.410446,-9.05,,,,,,,,,,,,
CCL,Carnival Corporation & plc,35.10B,13.77835,15.540697,1.94,233.568,,,,,,,,,,,
CDNS,"Cadence Design Systems, Inc.",88.48B,83.99225,47.452553,3.87,47.685,,,,,,,,,,,
CDW,CDW Corporation,18.55B,18.00885,14.076087,7.91,239.737,,,,,,,,,,,
CEG,Constellation Energy Corporation,111.96B,41.005722,40.04358,8.74,60.212,,,,,,,,,,,
CF,"CF Industries Holdings, Inc.",12.79B,9.918983,13.273463,8.27,44.133,,,,,,,,,,,
CFG,"Citizens Financial Group, Inc.",22.20B,14.481793,13.359174,3.57,,,,,,,,,,,,
CHD,"Church & Dwight Co., Inc.",20.86B,27.40063,23.286863,3.17,56.855,,,,,,,,,,,
CHRW,"C.H. Robinson Worldwide, Inc.",17.65B,30.189901,31.394957,4.95,80.904,,,,,,,,,,,
CHTR,"Charter Communications, Inc.",28.45B,6.09706,6.144774,36.06,497.907,,,,,,,,,,,
CI,The Cigna Group,70.68B,11.707079,8.447637,22.6,81.021,,,,,,,,,,,
CINF,Cincinnati Financial Corporation,25.69B,12.259121,22.461119,13.43,5.732,,,,,,,,,,,
CL,Colgate-Palmolive Company,63.49B,22.061626,20.404146,3.57,680.048,,,,,,,,,,,
CLX,The Clorox Company,13.10B,16.854004,14.727023,6.37,2230.435,,,,,,,,,,,
CMCSA,Comcast Corporation,99.66B,4.5431895,6.2442923,6.02,101.462,,,,,,,,,,,
CME,CME Group Inc.,99.71B,26.81862,26.663452,10.31,13.372,,,,,,,,,,,
CMG,"Chipotle Mexican Grill, Inc.",40.45B,27.070797,23.351147,1.13,154.574,,,,,,,,,,,
CMI,Cummins Inc.,65.34B,24.512688,21.01865,19.31,62.949,,,,,,,,,,,
CMS,CMS Energy Corporation,22.29B,21.103746,20.455309,3.47,191.634,,,,,,,,,,,
CNC,Centene Corporation,18.46B,,5.3352275,-10.67,83.51,,,,,,,,,,,
CNP,"CenterPoint Energy, Inc.",25.73B,24.943037,22.649426,1.58,202.111,,,,,,,,,,,
COF,Capital One Financial Corporation,138.48B,74.595894,13.909324,2.92,,,,,,,,,,,,
COIN,"Coinbase Global, Inc.",83.36B,26.742214,86.59384,11.56,48.559,,,,,,,,,,,
COO,"The Cooper Companies, Inc.",13.94B,34.362743,17.181372,2.04,29.67,,,,,,,,,,,
COP,ConocoPhillips,107.30B,12.264125,10.813201,7.08,36.169,,,,,,,,,,,
COR,"Cencora, Inc.",69.93B,45.257217,22.047678,7.97,438.489,,,,,,,,,,,
COST,Costco Wholesale Corporation,408.94B,50.755775,46.887196,18.18,34.066,,,,,,,,,,,
CPAY,"Corpay, Inc.",19.53B,18.798777,12.467538,14.71,197.201,,,,,,,,,,,
CPB,The Campbell's Company,9.15B,15.293532,9.014663,2.01,184.734,,,,,,,,,,,
CPRT,"Copart, Inc.",39.21B,25.477985,23.281609,1.59,1.127,,,,,,,,,,,
CPT,Camden Property Trust,10.88B,41.20648,62.82716,2.47,81.102,,,,,,,,,,,
CRL,"Charles River Laboratories International, Inc.",8.27B,,16.347277,-1.53,76.251,,,,,,,,,,,
CRM,"Salesforce, Inc.",228.37B,34.86628,21.55256,6.88,19.255,,,,,,,,,,,
CRWD,"CrowdStrike Holdings, Inc.",135.47B,,126.419205,-1.19,21.36,,,,,,,,,,,
CSCO,"Cisco Systems, Inc.",280.07B,27.870588,18.223076,2.55,63.282,,,,,,,,,,,
CSGP,"CoStar Group, Inc.",28.62B,1125.3333,60.28571,0.06,13.126,,,,,,,,,,,
CSX,CSX Corporation,65.81B,22.948053,17.408867,1.54,155.283,,,,,,,,,,,
CTAS,Cintas Corporation,74.37B,41.126667,39.544876,4.5,56.254,,,,,,,,,,,
CTRA,Coterra Energy Inc.,20.23B,12.300925,11.403434,2.16,27.957,,,,,,,,,,,
CTSH,Cognizant Technology Solutions Corporation,35.33B,16.944443,14.669339,4.32,7.854,,,,,,,,,,,
CTVA,"Corteva, Inc.",43.35B,25.97166,19.984425,2.47,17.175,,,,,,,,,,,
CVS,CVS Health Corporation,100.27B,207.86842,12.189815,0.38,111.821,,,,,,,,,,,
CVX,Chevron Corporation,309.94B,21.772472,14.041667,7.12,21.239,,,,,,,,,,,
D,"Dominion Energy, Inc.",52.58B,20.124184,18.218935,3.06,154.315,,,,,,,,,,,
DAL,"Delta Air Lines, Inc.",38.45B,8.304654,8.387465,7.09,117.299,,,,,,,,,,,
DASH,"DoorDash, Inc.",88.06B,103.18687,114.7809,1.98,34.255,,,,,,,,,,,
DAY,Dayforce Inc,10.94B,,30.9276,-0.95,45.53,,,,,,,,,,,
DD,"DuPont de Nemours, Inc.",16.68B,23.00578,9.066059,1.73,39.673,,,,,,,,,,,
DDOG,"Datadog, Inc.",67.06B,616.90326,94.2069,0.31,37.199,,,,,,,,,,,
DE,Deere & Company,126.46B,24.453217,21.100136,19.13,266.767,,,,,,,,,,,
DECK,Deckers Outdoor Corporation,11.92B,12.150074,12.856917,6.73,14.22,,,,,,,,,,,
DELL,Dell Technologies Inc.,98.32B,21.416058,15.606383,6.85,,,,,,,,,,,,
DG,Dollar General Corporation,21.84B,18.374073,15.951769,5.4,213.026,,,,,,,,,,,
DGX,Quest Diagnostics Incorporated,19.97B,21.043377,18.391394,8.53,86.524,,,,,,,,,,,
DHI,"D.R. Horton, Inc.",42.63B,12.512533,9.087885,11.57,24.111,,,,,,,,,,,
DHR,Danaher Corporation,148.29B,43.2866,25.052505,4.85,35.544,,,,,,,,,,,
DIS,The Walt Disney Company,199.10B,17.357367,21.502913,6.38,37.152,,,,,,,,,,,
DLR,"Digital Realty Trust, Inc.",59.41B,44.012955,140.40495,3.86,79.248,,,,,,,,,,,
DLTR,"Dollar Tree, Inc.",21.57B,20.492249,17.448845,5.16,203.675,,,,,,,,,,,
DOC,"Healthpeak Properties, Inc.",12.38B,,71.28,-0.06,114.248,,,,,,,,,,,
DOV,Dover Corporation,24.73B,23.480469,19.163656,7.68,40.076,,,,,,,,,,,
DOW,Dow Inc.,15.84B,,7.167203,-1.61,102.943,,,,,,,,,,,
DPZ,"Domino's Pizza, Inc.",13.86B,23.987133,23.252834,17.1,,,,,,,,,,,,
DRI,"Darden Restaurants, Inc.",20.71B,19.084673,16.861742,9.33,361.727,,,,,,,,,,,
DTE,DTE Energy Company,28.40B,20.502249,18.966713,6.67,207.975,,,,,,,,,,,
DUK,Duke Energy Corporation,96.16B,19.443396,19.504732,6.36,170.344,,,,,,,,,,,
DVA,DaVita Inc.,8.73B,12.777892,10.975155,9.68,953.093,,,,,,,,,,,
DVN,Devon Energy Corporation,21.14B,7.948114,7.556054,4.24,55.694,,,,,,,,,,,
DXCM,"DexCom, Inc.",21.45B,30.555557,27.093596,1.8,94.479,,,,,,,,,,,
EA,Electronic Arts Inc.,50.03B,58.483967,23.517,3.43,36.65,,,,,,,,,,,
EBAY,eBay Inc.,37.88B,18.58093,16.05364,4.51,151.155,,,,,,,,,,,
ECL,Ecolab Inc.,72.55B,36.90634,34.15067,6.94,103.915,,,,,,,,,,,
ED,"Consolidated Edison, Inc.",35.56B,17.223776,17.530249,5.72,110.373,,,,,,,,,,,
EFX,Equifax Inc.,25.41B,39.241966,22.060574,5.29,94.824,,,,,,,,,,,
EG,"Everest Group, Ltd.",13.69B,24.26637,4.9065747,13.44,23.337,,,,,,,,,,,
EIX,Edison International,21.95B,7.475754,10.007018,7.63,204.02,,,,,,,,,,,
EL,The Est√©e Lauder Companies Inc.,31.62B,,32.5,-2.59,242.211,,,,,,,,,,,
ELV,"Elevance Health, Inc.",70.62B,12.954749,9.092418,24.53,72.823,,,,,,,,,,,
EME,"EMCOR Group, Inc.",29.07B,26.10937,29.105335,24.87,12.915,,,,,,,,,,,
EMR,Emerson Electric Co.,72.88B,32.13151,20.488924,4.03,64.617,,,,,,,,,,,
EOG,"EOG Resources, Inc.",57.55B,10.224054,9.530742,10.31,26.835,,,,,,,,,,,
EPAM,"EPAM Systems, Inc.",9.68B,26.72256,15.665774,6.56,4.165,,,,,,,,,,,
EQIX,"Equinix, Inc.",80.98B,75.73462,61.640507,10.89,147.969,,,,,,,,,,,
EQR,Equity Residential,23.41B,19.641447,35.33136,3.04,76.237,,,,,,,,,,,
EQT,EQT Corporation,36.18B,18.882736,23.00397,3.07,30.675,,,,,,,,,,,
ERIE,Erie Indemnity Company,14.89B,22.989508,21.256718,12.39,2.353,,,,,,,,,,,
ES,Eversource Energy,27.40B,20.176796,15.280334,3.62,188.224,,,,,,,,,,,
ESS,"Essex Property Trust, Inc.",17.99B,19.803804,43.25914,13.15,115.144,,,,,,,,,,,
ETN,Eaton Corporation plc,145.17B,37.451904,31.018255,9.98,59.661,,,,,,,,,,,
ETR,Entergy Corporation,43.40B,23.938425,12.556849,4.06,179.362,,,,,,,,,,,
EVRG,"Evergy, Inc.",17.40B,20.709587,18.710396,3.65,142.45,,,,,,,,,,,
EW,Edwards Lifesciences Corporation,48.39B,36.574562,34.036736,2.28,6.862,,,,,,,,,,,
EXC,Exelon Corporation,46.59B,16.562723,17.570341,2.79,177.601,,,,,,,,,,,
EXE,Expand Energy Corporation,26.78B,36.157555,26.521227,3.11,27.95,,,,,,,,,,,
EXPD,"Expeditors International of Washington, Inc.",18.42B,22.382736,25.544607,6.14,24.549,,,,,,,,,,,
EXPE,"Expedia Group, Inc.",31.64B,24.879576,17.983984,10.38,249.826,,,,,,,,,,,
EXR,Extra Space Storage Inc.,29.51B,29.794184,27.861921,4.47,94.252,,,,,,,,,,,
F,Ford Motor Company,52.64B,11.290599,7.5485716,1.17,346.673,,,,,,,,,,,
FANG,"Diamondback Energy, Inc.",41.16B,10.087781,9.812158,14.24,35.66,,,,,,,,,,,
FAST,Fastenal Company,46.90B,38.177567,18.652967,1.07,13.283,,,,,,,,,,,
FCX,Freeport-McMoRan Inc.,57.16B,27.839163,18.430555,1.43,30.589,,,,,,,,,,,
FDS,FactSet Research Systems Inc.,9.83B,16.88746,14.057816,15.55,71.282,,,,,,,,,,,
FDX,FedEx Corporation,61.84B,15.362837,11.520439,17.06,,,,,,,,,,,,
FE,FirstEnergy Corp.,26.51B,19.956522,15.882353,2.3,193.669,,,,,,,,,,,
FFIV,"F5, Inc.",14.18B,20.825424,15.957144,11.8,6.424,,,,,,,,,,,
FI,"Fiserv, Inc.",34.26B,9.845441,6.251227,6.47,120.581,,,,,,,,,,,
FICO,Fair Isaac Corporation,41.77B,65.36439,46.811947,26.62,,,,,,,,,,,,
FIS,"Fidelity National Information Services, Inc.",33.55B,202.4375,11.345009,0.32,94.272,,,,,,,,,,,
FITB,Fifth Third Bancorp,28.34B,12.797015,11.745205,3.35,,,,,,,,,,,,
FOX,Fox Corporation,27.76B,13.366293,25.310638,4.45,60.136,,,,,,,,,,,
FOXA,Fox Corporation,27.76B,14.82472,17.686327,4.45,60.136,,,,,,,,,,,
FRT,Federal Realty Investment Trust,8.45B,24.705582,31.70684,3.94,138.76,,,,,,,,,,,
FSLR,"First Solar, Inc.",28.72B,20.540293,12.830297,13.03,9.893,,,,,,,,,,,
FTNT,"Fortinet, Inc.",62.67B,33.658436,33.93776,2.43,135.478,,,,,,,,,,,
FTV,Fortive Corporation,16.27B,20.16929,12.285372,2.54,52.244,,,,,,,,,,,
GD,General Dynamics Corporation,93.55B,22.416828,21.538557,15.45,40.419,,,,,,,,,,,
GDDY,GoDaddy Inc.,17.84B,22.763792,19.676601,5.8,4217.211,,,,,,,,,,,
GE,GE Aerospace,324.11B,41.13387,58.639313,7.47,115.246,,,,,,,,,,,
GEHC,GE HealthCare Technologies Inc.,33.28B,15.124225,15.642399,4.83,105.127,,,,,,,,,,,
GEN,Gen Digital Inc.,15.87B,28.318682,10.518368,0.91,354.131,,,,,,,,,,,
GEV,GE Vernova Inc.,156.04B,93.517075,83.35217,6.15,11.101,,,,,,,,,,,
GILD,"Gilead Sciences, Inc.",147.60B,18.396284,15.9946165,6.46,115.492,,,,,,,,,,,
GIS,"General Mills, Inc.",25.01B,8.862004,9.974469,5.29,151.352,,,,,,,,,,,
GL,Globe Life Inc.,10.53B,9.596518,9.75941,13.78,47.719,,,,,,,,,,,
GLW,Corning Incorporated,73.29B,54.794876,37.00433,1.56,76.51,,,,,,,,,,,
GM,General Motors Company,66.00B,13.501909,6.6934724,5.24,195.437,,,,,,,,,,,
GNRC,Generac Holdings Inc.,9.11B,29.69216,18.914738,5.23,56.133,,,,,,,,,,,
GOOG,Alphabet Inc.,3.37T,27.611057,31.251398,10.13,11.424,,,,,,,,,,,
GOOGL,Alphabet Inc.,3.37T,27.55237,31.119417,10.12,11.424,,,,,,,,,,,
GPC,Genuine Parts Company,17.62B,21.800344,14.953955,5.81,133.159,,,,,,,,,,,
GPN,Global Payments Inc.,18.00B,11.537177,5.9398437,6.59,69.198,,,,,,,,,,,
GRMN,Garmin Ltd.,38.69B,24.803947,26.965147,8.11,2.342,,,,,,,,,,,
GS,"The Goldman Sachs Group, Inc.",235.85B,15.976027,18.920597,49.22,586.142,,,,,,,,,,,
GWW,"W.W. Grainger, Inc.",45.41B,26.736841,22.679647,35.72,68.67,,,,,,,,,,,
HAL,Halliburton Company,23.20B,18.258278,8.483077,1.51,83.613,,,,,,,,,,,
HAS,"Hasbro, Inc.",10.75B,,17.284426,-3.99,771.392,,,,,,,,,,,
HBAN,Huntington Bancshares Incorporated,24.56B,10.972028,11.708955,1.43,,,,,,,,,,,,
HCA,"HCA Healthcare, Inc.",108.76B,18.416151,19.413849,25.88,,,,,,,,,,,,
HD,"The Home Depot, Inc.",369.40B,25.245577,23.7891,14.7,580.591,,,,,,,,,,,
HIG,"The Hartford Insurance Group, Inc.",36.06B,10.590016,11.146426,12.22,23.675,,,,,,,,,,,
HII,"Huntington Ingalls Industries, Inc.",12.15B,21.363699,19.742346,14.49,58.708,,,,,,,,,,,
HLT,Hilton Worldwide Holdings Inc.,63.53B,39.669086,34.20776,6.89,,,,,,,,,,,,
HOLX,"Hologic, Inc.",16.49B,29.759035,15.699153,2.49,49.682,,,,,,,,,,,
HON,Honeywell International Inc.,123.21B,20.493137,17.626703,9.47,215.247,,,,,,,,,,,
HOOD,"Robinhood Markets, Inc.",117.22B,54.316666,178.57533,2.4,188.794,,,,,,,,,,,
HPE,Hewlett Packard Enterprise Company,30.94B,27.588236,11.166668,0.85,96.967,,,,,,,,,,,
HPQ,HP Inc.,24.56B,9.556364,7.3,2.75,,,,,,,,,,,,
HRL,Hormel Foods Corporation,12.12B,16.080292,13.035503,1.37,35.301,,,,,,,,,,,
HSIC,"Henry Schein, Inc.",8.46B,22.681389,13.826924,3.17,70.224,,,,,,,,,,,
HST,"Host Hotels & Resorts, Inc.",12.43B,16.83019,18.391752,1.06,82.827,,,,,,,,,,,
HSY,The Hershey Company,34.60B,25.502241,20.310715,6.69,125.764,,,,,,,,,,,
HUBB,Hubbell Incorporated,24.58B,28.901875,26.096502,16,58.21,,,,,,,,,,,
HUM,Humana Inc.,30.31B,23.577175,14.966745,10.69,69.686,,,,,,,,,,,
HWM,Howmet Aerospace Inc.,83.18B,58.214085,65.19243,3.55,65.176,,,,,,,,,,,
IBKR,"Interactive Brokers Group, Inc.",119.91B,34.077297,10.208394,2.07,145.38,,,,,,,,,,,
IBM,International Business Machines Corporation,286.38B,36.51728,28.876534,8.39,237.831,,,,,,,,,,,
ICE,"Intercontinental Exchange, Inc.",84.96B,27.189781,22.106825,5.48,67.954,,,,,,,,,,,
IDXX,"IDEXX Laboratories, Inc.",56.57B,56.181606,59.23495,12.61,71.29,,,,,,,,,,,
IEX,IDEX Corporation,12.57B,26.57595,19.713615,6.32,48.121,,,,,,,,,,,
IFF,International Flavors & Fragrances Inc.,15.88B,,13.449023,-1.85,46.872,,,,,,,,,,,
INCY,Incyte Corporation,20.81B,17.962711,17.260588,5.9,0.887,,,,,,,,,,,
INTC,Intel Corporation,181.88B,635.50006,39.309277,0.06,39.881,,,,,,,,,,,
INTU,Intuit Inc.,180.90B,47.39591,29.188034,13.69,,,,,,,,,,,,
INVH,Invitation Homes Inc.,17.17B,29.484211,37.851353,0.95,85.691,,,,,,,,,,,
IP,International Paper Company,20.12B,,12.7,-1.18,60.126,,,,,,,,,,,
IPG,"The Interpublic Group of Companies, Inc.",9.33B,21.576271,9.258182,1.18,110.56,,,,,,,,,,,
IQV,IQVIA Holdings Inc.,35.84B,28.988981,17.43662,7.26,242.366,,,,,,,,,,,
IR,Ingersoll Rand Inc.,30.62B,57.407406,21.892656,1.35,47.62,,,,,,,,,,,
IRM,Iron Mountain Incorporated,30.78B,192.81482,53.122448,0.54,,,,,,,,,,,,
ISRG,"Intuitive Surgical, Inc.",198.52B,74.07407,71.24682,7.56,,,,,,,,,,,,
IT,"Gartner, Inc.",16.62B,20.119547,17.480669,11.46,512.089,,,,,,,,,,,
ITW,Illinois Tool Works Inc.,71.22B,23.810863,22.942991,10.31,278.654,,,,,,,,,,,
IVZ,Invesco Ltd.,10.40B,15.89796,12.36508,1.47,10.983,,,,,,,,,,,
J,Jacobs Solutions Inc.,18.33B,39.323074,23.061653,3.9,63.387,,,,,,,,,,,
JBHT,"J.B. Hunt Transport Services, Inc.",16.28B,29.577854,23.810587,5.78,53.131,,,,,,,,,,,
JBL,Jabil Inc.,22.83B,36.099663,21.349651,5.92,246.012,,,,,,,,,,,
JCI,Johnson Controls International plc,80.00B,46.482887,29.17661,2.63,76.27,,,,,,,,,,,
JKHY,"Jack Henry & Associates, Inc.",11.68B,24.43769,25.443037,6.58,2.402,,,,,,,,,,,
JNJ,Johnson & Johnson,449.50B,18.026087,17.600943,10.35,57.766,,,,,,,,,,,
JPM,JPMorgan Chase & Co.,855.36B,15.55495,18.770012,20.2,,,,,,,,,,,,
K,Kellanova,29.00B,22.77049,69.45,3.66,145.099,,,,,,,,,,,
KDP,Keurig Dr Pepper Inc.,35.27B,22.37931,12.663415,1.16,73.567,,,,,,,,,,,
KEY,KeyCorp,19.76B,22.320988,11.589744,0.81,,,,,,,,,,,,
KEYS,"Keysight Technologies, Inc.",31.08B,57.419044,25.949785,3.15,48.748,,,,,,,,,,,
KHC,The Kraft Heinz Company,28.74B,,7.9087954,-3.71,50.968,,,,,,,,,,,
KIM,Kimco Realty Corporation,13.91B,24.74699,29.34286,0.83,78.195,,,,,,,,,,,
KKR,KKR & Co. Inc.,112.29B,57.226418,19.98682,2.12,76.715,,,,,,,,,,,
KLAC,KLA Corporation,156.80B,37.456684,36.36106,31.86,122.127,,,,,,,,,,,
KMB,Kimberly-Clark Corporation,34.46B,17.571913,13.610746,5.91,500.068,,,,,,,,,,,
KMI,"Kinder Morgan, Inc.",59.07B,21.762295,21.071428,1.22,102.138,,,,,,,,,,,
KO,The Coca-Cola Company,303.48B,23.360928,23.75421,3.02,144.771,,,,,,,,,,,
KR,The Kroger Co.,43.01B,16.47462,14.17249,3.94,271.402,,,,,,,,,,,
KVUE,Kenvue Inc.,32.34B,22.506666,13.836064,0.75,85.659,,,,,,,,,,,
L,Loews Corporation,21.20B,14.868115,35.37586,6.9,49.123,,,,,,,,,,,
LDOS,"Leidos Holdings, Inc.",25.18B,18.375,18.84976,10.72,105.551,,,,,,,,,,,
LEN,Lennar Corporation,30.78B,12.022751,7.5309796,10.11,24.892,,,,,,,,,,,
LH,Labcorp Holdings Inc.,20.95B,24.825148,15.775281,10.18,75.557,,,,,,,,,,,
LHX,"L3Harris Technologies, Inc.",54.37B,31.253763,20.19875,9.3,60.629,,,,,,,,,,,
LII,Lennox International Inc.,17.26B,20.786318,21.071062,23.68,128.035,,,,,,,,,,,
LIN,Linde plc,196.36B,28.16544,24.80885,14.93,64.673,,,,,,,,,,,
LKQ,LKQ Corporation,7.77B,11.248148,8.3895035,2.7,83.675,,,,,,,,,,,
LLY,Eli Lilly and Company,827.33B,45.245716,40.793026,20.43,178.516,,,,,,,,,,,
LMT,Lockheed Martin Corporation,106.06B,25.506401,16.305586,17.97,358.987,,,,,,,,,,,
LNT,Alliant Energy Corporation,17.31B,20.783949,20.848295,3.24,163.145,,,,,,,,,,,
LOW,"Lowe's Companies, Inc.",130.76B,19.127155,18.460808,12.19,,,,,,,,,,,,
LRCX,Lam Research Corporation,200.15B,35.1766,37.318504,4.53,43.991,,,,,,,,,,,
LULU,lululemon athletica inc.,19.70B,11.339932,11.12726,14.65,40.178,,,,,,,,,,,
LUV,Southwest Airlines Co.,16.78B,51.50794,20.408806,0.63,67.618,,,,,,,,,,,
LVS,Las Vegas Sands Corp.,44.09B,29.373873,23.712727,2.22,847.509,,,,,,,,,,,
LW,"Lamb Weston Holdings, Inc.",8.70B,30.009615,12.534136,2.08,223.019,,,,,,,,,,,
LYB,LyondellBasell Industries N.V.,13.85B,,4.9965158,-4.03,124.319,,,,,,,,,,,
LYV,"Live Nation Entertainment, Inc.",32.63B,101.81884,58.06198,1.38,473.811,,,,,,,,,,,
MA,Mastercard Incorporated,495.67B,35.337387,33.697803,15.62,239.715,,,,,,,,,,,
MAA,"Mid-America Apartment Communities, Inc.",15.56B,27.46822,31.240961,4.72,87.122,,,,,,,,,,,
MAR,"Marriott International, Inc.",78.13B,30.680717,27.467924,9.49,,,,,,,,,,,,
MAS,Masco Corporation,12.88B,15.85422,14.024887,3.91,1888.69,,,,,,,,,,,
MCD,McDonald's Corporation,213.40B,25.568258,23.763681,11.72,,,,,,,,,,,,
MCHP,Microchip Technology Incorporated,30.42B,,21.646154,-0.46,80.841,,,,,,,,,,,
MCK,McKesson Corporation,105.16B,26.666353,23.14561,31.95,,,,,,,,,,,,
MCO,Moody's Corporation,87.06B,39.226692,36.635136,12.44,181.347,,,,,,,,,,,
MDLZ,"Mondelez International, Inc.",73.78B,21.41573,16.670553,2.67,83.621,,,,,,,,,,,
MDT,Medtronic plc,118.26B,25.469614,15.760683,3.62,59.437,,,,,,,,,,,
MET,"MetLife, Inc.",50.31B,14.1280155,7.858618,5.39,128.015,,,,,,,,,,,
META,"Meta Platforms, Inc.",1.57T,27.472826,24.573519,22.63,26.311,,,,,,,,,,,
MGM,MGM Resorts International,8.93B,163.3,14.2,0.2,913.283,,,,,,,,,,,
MHK,"Mohawk Industries, Inc.",6.72B,16.174109,9.747983,6.72,28.031,,,,,,,,,,,
MKC,"McCormick & Company, Incorporated",17.45B,22.583332,20.846155,2.88,75.356,,,,,,,,,,,
MLM,"Martin Marietta Materials, Inc.",36.83B,31.347025,29.301344,19.48,60.618,,,,,,,,,,,
MMC,"Marsh & McLennan Companies, Inc.",88.21B,21.58873,19.093319,8.34,139.501,,,,,,,,,,,
MMM,3M Company,87.57B,26.332268,20.865822,6.26,281.904,,,,,,,,,,,
MNST,Monster Beverage Corporation,68.13B,39.61932,37.288773,1.76,,,,,,,,,,,,
MO,"Altria Group, Inc.",97.41B,11.074428,10.846729,5.24,,,,,,,,,,,,
MOH,"Molina Healthcare, Inc.",7.82B,9.3633,5.91443,16.24,91.911,,,,,,,,,,,
MOS,The Mosaic Company,8.12B,6.626943,10.398374,3.86,37.134,,,,,,,,,,,
MPC,Marathon Petroleum Corporation,58.24B,20.612766,18.996078,9.4,143.175,,,,,,,,,,,
MPWR,"Monolithic Power Systems, Inc.",45.91B,24.57077,55.77765,39,0.528,,,,,,,,,,,
MRK,"Merck & Co., Inc.",214.15B,11.412699,9.178723,7.56,79.708,,,,,,,,,,,
MRNA,"Moderna, Inc.",9.59B,,-2.82069,-8.06,7.353,,,,,,,,,,,
MS,Morgan Stanley,258.04B,16.635246,20.47415,9.76,420.553,,,,,,,,,,,
MSCI,MSCI Inc.,43.80B,36.88924,34.204807,15.8,,,,,,,,,,,,
MSFT,Microsoft Corporation,3.69T,35.335705,33.23211,14.06,33.154,,,,,,,,,,,
MSI,"Motorola Solutions, Inc.",65.08B,31.360353,26.599728,12.46,423.891,,,,,,,,,,,
MTB,M&T Bank Corporation,28.56B,11.465762,11.416462,16.21,,,,,,,,,,,,
MTCH,"Match Group, Inc.",7.76B,15.359812,13.254032,2.14,,,,,,,,,,,,
MTD,Mettler-Toledo International Inc.,29.65B,35.97476,33.78756,40.01,,,,,,,,,,,,
MU,"Micron Technology, Inc.",267.06B,31.346508,18.486403,7.59,28.343,,,,,,,,,,,
NCLH,Norwegian Cruise Line Holdings Ltd.,8.68B,13.719424,9.124402,1.39,699.717,,,,,,,,,,,
NDAQ,"Nasdaq, Inc.",49.81B,31.157143,27.783438,2.8,79.867,,,,,,,,,,,
NDSN,Nordson Corporation,13.07B,29.25912,22.344862,7.95,74.482,,,,,,,,,,,
NEE,"NextEra Energy, Inc.",174.79B,26.644444,22.807064,3.15,144.161,,,,,,,,,,,
NEM,Newmont Corporation,91.00B,12.968896,21.772846,6.43,16.914,,,,,,,,,,,
NFLX,"Netflix, Inc.",467.66B,46.081837,46.41127,23.95,65.822,,,,,,,,,,,
NI,NiSource Inc.,20.61B,22.921053,23.413979,1.9,140.579,,,,,,,,,,,
NKE,"NIKE, Inc.",90.30B,31.328205,18.913313,1.95,82.128,,,,,,,,,,,
NOC,Northrop Grumman Corporation,81.15B,20.49045,20.264076,27.75,109.401,,,,,,,,,,,
NOW,"ServiceNow, Inc.",179.40B,104.21644,51.60898,8.27,21.255,,,,,,,,,,,
NRG,"NRG Energy, Inc.",33.06B,25.784754,25,6.69,615.076,,,,,,,,,,,
NSC,Norfolk Southern Corporation,63.78B,21.698473,20.931517,13.1,116.353,,,,,,,,,,,
NTAP,"NetApp, Inc.",22.55B,19.99469,14.903694,5.65,281.538,,,,,,,,,,,
NTRS,Northern Trust Corporation,24.58B,15.146854,17.010473,8.58,,,,,,,,,,,,
NUE,Nucor Corporation,33.12B,20.296764,15.417735,7.11,31.248,,,,,,,,,,,
NVDA,NVIDIA Corporation,4.58T,53.451702,45.667477,3.52,10.584,,,,,,,,,,,
NVR,"NVR, Inc.",19.82B,15.94906,13.997183,454.65,25.972,,,,,,,,,,,
NWS,News Corporation,15.63B,36.493977,27.1591,0.83,30.677,,,,,,,,,,,
NWSA,News Corporation,15.62B,32.192772,25.207548,0.83,30.677,,,,,,,,,,,
NXPI,NXP Semiconductors N.V.,51.48B,25.316832,15.65111,8.08,117.34,,,,,,,,,,,
O,Realty Income Corporation,52.32B,53.14953,35.767296,1.07,73.977,,,,,,,,,,,
ODFL,"Old Dominion Freight Line, Inc.",29.25B,28.148893,23.711863,4.97,1.994,,,,,,,,,,,
OKE,"ONEOK, Inc.",42.86B,12.522059,11.410386,5.44,152.218,,,,,,,,,,,
OMC,Omnicom Group Inc.,14.33B,10.955751,8.597221,6.78,128.056,,,,,,,,,,,
ON,ON Semiconductor Corporation,19.56B,65.520546,11.071759,0.73,45.833,,,,,,,,,,,
ORCL,Oracle Corporation,682.08B,55.25635,33.416203,4.33,452.534,,,,,,,,,,,
ORLY,"O'Reilly Automotive, Inc.",82.14B,33.711803,2.1604362,2.88,,,,,,,,,,,,
OTIS,Otis Worldwide Corporation,35.47B,26.849556,21.723148,3.39,,,,,,,,,,,,
OXY,Occidental Petroleum Corporation,40.67B,24.3,13.072784,1.7,66.823,,,,,,,,,,,
PANW,"Palo Alto Networks, Inc.",143.69B,133.51257,29.48403,1.59,5.335,,,,,,,,,,,
PAYC,"Paycom Software, Inc.",8.90B,20.16791,18.595182,8.04,4.943,,,,,,,,,,,
PAYX,"Paychex, Inc.",40.29B,25.103138,21.164461,4.46,126.47,,,,,,,,,,,
PCAR,PACCAR Inc,51.83B,19.35098,12.717783,5.1,82.453,,,,,,,,,,,
PCG,PG&E Corporation,36.29B,13.873949,11.155405,1.19,185.52,,,,,,,,,,,
PEG,Public Service Enterprise Group Incorporated,41.58B,20.026442,20.469286,4.16,138.209,,,,,,,,,,,
PEP,"PepsiCo, Inc.",195.46B,27.176804,16.56431,5.26,260.19,,,,,,,,,,,
PFE,Pfizer Inc.,138.90B,14.203488,8.337884,1.72,66.531,,,,,,,,,,,
PFG,"Principal Financial Group, Inc.",18.20B,12.14956,9.817536,6.82,34.137,,,,,,,,,,,
PG,The Procter & Gamble Company,343.45B,21.456934,19.808624,6.85,67.125,,,,,,,,,,,
PGR,The Progressive Corporation,127.41B,11.918267,15.744203,18.23,19.455,,,,,,,,,,,
PH,Parker-Hannifin Corporation,106.80B,30.025257,28.668818,28.11,74.953,,,,,,,,,,,
PHM,"PulteGroup, Inc.",23.34B,9.240741,8.871111,12.96,16.939,,,,,,,,,,,
PKG,Packaging Corporation of America,18.04B,20.237135,17.842527,9.91,91.618,,,,,,,,,,,
PLD,"Prologis, Inc.",116.67B,36.511627,35.681816,3.44,62.789,,,,,,,,,,,
PLTR,Palantir Technologies Inc.,424.08B,413.79068,378.57446,0.43,3.52,,,,,,,,,,,
PM,Philip Morris International Inc.,238.77B,21.881598,21.304167,7.01,,,,,,,,,,,,
PNC,"The PNC Financial Services Group, Inc.",72.24B,11.906917,12.271818,15.47,,,,,,,,,,,,
PNR,Pentair plc,17.57B,27.318066,22.136084,3.93,44.76,,,,,,,,,,,
PNW,Pinnacle West Capital Corporation,10.53B,18.138145,18.79701,4.85,197.565,,,,,,,,,,,
PODD,Insulet Corporation,22.50B,93.51462,82.64083,3.42,77.711,,,,,,,,,,,
POOL,Pool Corporation,9.39B,22.993612,20.948462,10.96,100.725,,,,,,,,,,,
PPG,"PPG Industries, Inc.",21.60B,17.218246,10.875706,5.59,102.552,,,,,,,,,,,
PPL,PPL Corporation,27.06B,24.884354,19.98907,1.47,132.089,,,,,,,,,,,
PRU,"Prudential Financial, Inc.",37.19B,14.560274,7.2355347,7.3,148.723,,,,,,,,,,,
PSA,Public Storage,48.79B,28.903326,26.1571,9.62,106.758,,,,,,,,,,,
PSKY,Paramount Skydance Corporation,16.55B,503.33334,12.074591,0.03,90.626,,,,,,,,,,,
PSX,Phillips 66,55.58B,37.18329,14.536354,3.71,77.483,,,,,,,,,,,
PTC,PTC Inc.,21.10B,28.635773,25.158571,6.15,35.736,,,,,,,,,,,
PWR,"Quanta Services, Inc.",66.36B,65.82988,43.800198,6.76,71.612,,,,,,,,,,,
PYPL,"PayPal Holdings, Inc.",61.96B,13.297189,13.541923,4.98,60.239,,,,,,,,,,,
Q,"Qnity Electronics, Inc.",19.33B,46.386932,17.38418,1.99,1.17,,,,,,,,,,,
QCOM,QUALCOMM Incorporated,183.02B,34.10978,13.973018,5.01,73.767,,,,,,,,,,,
RCL,Royal Caribbean Cruises Ltd.,69.82B,17.23973,17.915327,14.85,203.878,,,,,,,,,,,
REG,Regency Centers Corporation,13.03B,32.004585,33.22381,2.18,73.101,,,,,,,,,,,
REGN,"Regeneron Pharmaceuticals, Inc.",69.11B,15.771889,14.511807,41.69,8.739,,,,,,,,,,,
RF,Regions Financial Corporation,21.79B,10.947137,10.995576,2.27,,,,,,,,,,,,
RJF,"Raymond James Financial, Inc.",32.31B,15.851312,14.64183,10.29,36.906,,,,,,,,,,,
RL,Ralph Lauren Corporation,19.69B,23.97932,24.93702,13.54,111.231,,,,,,,,,,,
RMD,ResMed Inc.,36.71B,25.767418,24.440233,9.76,13.826,,,,,,,,,,,
ROK,"Rockwell Automation, Inc.",41.99B,43.83685,32.76228,8.52,95.742,,,,,,,,,,,
ROL,"Rollins, Inc.",28.40B,54.7757,52.330357,1.07,59.534,,,,,,,,,,,
ROP,"Roper Technologies, Inc.",48.12B,30.767378,22.330168,14.53,47.288,,,,,,,,,,,
ROST,"Ross Stores, Inc.",52.39B,25.568253,24.077728,6.3,88.407,,,,,,,,,,,
RSG,"Republic Services, Inc.",63.64B,30.59375,30.189426,6.72,113.763,,,,,,,,,,,
RTX,RTX Corporation,237.28B,36.33881,28.963993,4.87,61.315,,,,,,,,,,,
RVTY,"Revvity, Inc.",10.29B,46.79381,17.593023,1.94,45.676,,,,,,,,,,,
SBAC,SBA Communications Corporation,21.04B,24.798994,21.526716,7.96,,,,,,,,,,,,
SBUX,Starbucks Corporation,97.28B,52.496933,23.002687,1.63,,,,,,,,,,,,
SCHW,The Charles Schwab Corporation,172.88B,22.30445,25.063158,4.27,111.866,,,,,,,,,,,
SHW,The Sherwin-Williams Company,84.32B,33.21875,26.616589,10.24,325.153,,,,,,,,,,,
SJM,The J. M. Smucker Company,11.42B,,10.167142,-13.73,137.159,,,,,,,,,,,
SLB,SLB N.V.,54.77B,14.264592,9.9891,2.57,47.459,,,,,,,,,,,
SMCI,"Super Micro Computer, Inc.",23.63B,31.307085,9.377358,1.27,79.484,,,,,,,,,,,
SNA,Snap-on Incorporated,17.88B,18.01415,17.083,19.08,22.27,,,,,,,,,,,
SNPS,"Synopsys, Inc.",73.08B,53.166214,26.45797,7.4,54.828,,,,,,,,,,,
SO,The Southern Company,100.69B,22.74627,21.166666,4.02,192.679,,,,,,,,,,,
SOLS,"Solstice Advanced Materials, Inc.",7.54B,28.78182,,1.65,13.581,,,,,,,,,,,
SOLV,Solventum Corporation,12.40B,8.211251,12.933091,8.71,103.028,,,,,,,,,,,
SPG,"Simon Property Group, Inc.",69.25B,26.724892,27.079645,6.87,884.863,,,,,,,,,,,
SPGI,S&P Global Inc.,150.32B,36.103275,29.531233,13.75,31.784,,,,,,,,,,,
SRE,Sempra,61.17B,28.836924,18.233463,3.25,81.287,,,,,,,,,,,
STE,STERIS plc,25.89B,37.735336,26.456367,6.99,29.314,,,,,,,,,,,
STLD,"Steel Dynamics, Inc.",22.19B,20.124502,15.133467,7.55,42.166,,,,,,,,,,,
STT,State Street Corporation,33.05B,12.559447,12.667023,9.42,,,,,,,,,,,,
STX,Seagate Technology Holdings plc,59.66B,35.860077,28.798971,7.79,,,,,,,,,,,,
STZ,"Constellation Brands, Inc.",22.35B,18.580786,8.414634,6.87,135.429,,,,,,,,,,,
SW,Smurfit Westrock Plc,18.70B,24.527397,9.919668,1.46,76.445,,,,,,,,,,,
SWK,"Stanley Black & Decker, Inc.",10.57B,23.541378,12.435337,2.9,78.538,,,,,,,,,,,
SWKS,"Skyworks Solutions, Inc.",10.35B,22.59091,10.871875,3.08,17.297,,,,,,,,,,,
SYF,Synchrony Financial,26.36B,8.02522,11.312211,9.12,,,,,,,,,,,,
SYK,Stryker Corporation,136.15B,46.7231,26.314117,7.62,78.646,,,,,,,,,,,
SYY,Sysco Corporation,36.00B,20.155497,15.280488,3.73,690.715,,,,,,,,,,,
T,AT&T Inc.,176.03B,8.087948,11.084822,3.07,124.412,,,,,,,,,,,
TAP,Molson Coors Beverage Company,9.15B,,7.8128166,-10.48,61.017,,,,,,,,,,,
TDG,TransDigm Group Incorporated,72.40B,42.739853,29.548298,30.06,,,,,,,,,,,,
TDY,Teledyne Technologies Incorporated,24.09B,29.766241,23.91286,17.24,23.989,,,,,,,,,,,
TECH,Bio-Techne Corporation,8.95B,117.16326,26.214611,0.49,20.067,,,,,,,,,,,
TEL,TE Connectivity plc,71.41B,39.353897,26.965517,6.16,44.729,,,,,,,,,,,
TER,"Teradyne, Inc.",28.55B,66.28364,42.889412,2.75,9.89,,,,,,,,,,,
TFC,Truist Financial Corporation,57.23B,11.994638,11.326583,3.73,,,,,,,,,,,,
TGT,Target Corporation,41.46B,10.634032,8.681255,8.58,132.309,,,,,,,,,,,
TJX,"The TJX Companies, Inc.",160.94B,32.86591,31.436956,4.4,147.992,,,,,,,,,,,
TKO,"TKO Group Holdings, Inc.",14.41B,69.414444,56.345676,2.63,42.785,,,,,,,,,,,
TMO,Thermo Fisher Scientific Inc.,215.06B,33.106415,24.36824,17.29,69.75,,,,,,,,,,,
TMUS,"T-Mobile US, Inc.",231.53B,19.961428,19.400187,10.37,200.622,,,,,,,,,,,
TPL,Texas Pacific Land Corporation,22.56B,47.40174,13.425738,20.71,1.292,,,,,,,,,,,
TPR,"Tapestry, Inc.",21.22B,79.14504,21.781511,1.31,1051.139,,,,,,,,,,,
TRGP,Targa Resources Corp.,36.93B,23.188679,20.830507,7.42,615.121,,,,,,,,,,,
TRMB,Trimble Inc.,18.77B,54.041096,26.476511,1.46,24.038,,,,,,,,,,,
TROW,"T. Rowe Price Group, Inc.",22.40B,11.195202,10.979679,9.17,4.09,,,,,,,,,,,
TRV,"The Travelers Companies, Inc.",62.42B,11.0118065,13.167529,25.41,29.318,,,,,,,,,,,
TSCO,Tractor Supply Company,28.68B,26.217392,4.876011,2.07,222.382,,,,,,,,,,,
TSLA,"Tesla, Inc.",1.43T,294.19177,132.5679,1.46,17.082,,,,,,,,,,,
TSN,"Tyson Foods, Inc.",18.74B,23.945454,15.051429,2.2,49.085,,,,,,,,,,,
TT,Trane Technologies plc,96.35B,33.218655,34.347828,13.08,55.305,,,,,,,,,,,
TTD,"The Trade Desk, Inc.",20.79B,48.863636,22.279793,0.88,12.744,,,,,,,,,,,
TTWO,"Take-Two Interactive Software, Inc.",42.87B,,29.591837,-22.76,102.325,,,,,,,,,,,
TXN,Texas Instruments Incorporated,145.88B,29.244081,27.304422,5.49,84.477,,,,,,,,,,,
TXT,Textron Inc.,14.46B,17.94967,12.243283,4.57,55.332,,,,,,,,,,,
TYL,"Tyler Technologies, Inc.",19.94B,64.54457,42.79132,7.18,17.86,,,,,,,,,,,
UAL,"United Airlines Holdings, Inc.",31.54B,9.762526,8.058726,9.98,218.897,,,,,,,,,,,
UBER,"Uber Technologies, Inc.",191.14B,11.839125,38.978813,7.77,45.755,,,,,,,,,,,
UDR,"UDR, Inc.",12.98B,78.34091,73.34043,0.44,144.858,,,,,,,,,,,
UHS,"Universal Health Services, Inc.",14.59B,10.905328,12.622797,21.02,70.037,,,,,,,,,,,
ULTA,"Ulta Beauty, Inc.",23.22B,19.884407,22.640575,26.04,87.863,,,,,,,,,,,
UNH,UnitedHealth Group Incorporated,293.68B,16.894735,10.843143,19.19,75.734,,,,,,,,,,,
UNP,Union Pacific Corporation,131.37B,18.80136,18.289017,11.78,189.829,,,,,,,,,,,
UPS,"United Parcel Service, Inc.",81.40B,14.829985,10.891032,6.47,184.32,,,,,,,,,,,
URI,"United Rentals, Inc.",53.97B,21.833977,18.101793,38.85,169.022,,,,,,,,,,,
USB,U.S. Bancorp,73.56B,10.828376,10.928407,4.37,,,,,,,,,,,,
V,Visa Inc.,648.48B,32.878666,26.541864,10.22,68.939,,,,,,,,,,,
VICI,VICI Properties Inc.,32.43B,11.536121,11.113553,2.63,62.925,,,,,,,,,,,
VLO,Valero Energy Corporation,53.57B,36.511433,18.198963,4.81,39.561,,,,,,,,,,,
VLTO,Veralto Corporation,24.48B,27.016438,26.296,3.65,100.772,,,,,,,,,,,
VMC,Vulcan Materials Company,37.96B,33.87972,31.640968,8.48,56.296,,,,,,,,,,,
VRSK,"Verisk Analytics, Inc.",29.92B,33.024616,29.445816,6.5,1295.046,,,,,,,,,,,
VRSN,"VeriSign, Inc.",22.43B,28.1688,27.973412,8.59,,,,,,,,,,,,
VRTX,Vertex Pharmaceuticals Incorporated,103.89B,28.815622,21.81513,14.21,10.594,,,,,,,,,,,
VST,Vistra Corp.,64.72B,67.971535,27.68116,2.81,373.842,,,,,,,,,,,
VTR,"Ventas, Inc.",35.73B,143.5283,475.4375,0.53,100.11,,,,,,,,,,,
VTRS,Viatris Inc.,11.66B,,3.790262,-3.13,97.03,,,,,,,,,,,
VZ,Verizon Communications Inc.,168.78B,8.535181,8.463002,4.69,164.799,,,,,,,,,,,
WAB,Westinghouse Air Brake Technologies Corporation,35.27B,30.030567,24.300354,6.87,51.131,,,,,,,,,,,
WAT,Waters Corporation,22.13B,34.131313,28.746326,10.89,66.042,,,,,,,,,,,
WBD,"Warner Bros. Discovery, Inc.",56.18B,119.31579,-174.38463,0.19,89.857,,,,,,,,,,,
WDAY,"Workday, Inc.",60.12B,105.21962,27.128914,2.14,41.169,,,,,,,,,,,
WDC,Western Digital Corporation,55.71B,22.951408,18.496593,7.1,,,,,,,,,,,,
WEC,"WEC Energy Group, Inc.",36.72B,21.376894,21.622606,5.28,151.448,,,,,,,,,,,
WELL,Welltower Inc.,130.57B,131.2069,104.53297,1.45,46.211,,,,,,,,,,,
WFC,Wells Fargo & Company,270.09B,14.174629,15.672132,6.07,,,,,,,,,,,,
WM,"Waste Management, Inc.",81.35B,31.84858,25.021067,6.34,245.399,,,,,,,,,,,
WMB,"The Williams Companies, Inc.",72.76B,30.870468,28.50718,1.93,188.338,,,,,,,,,,,
WMT,Walmart Inc.,817.93B,38.713203,37.71691,2.65,68.719,,,,,,,,,,,
WRB,W. R. Berkley Corporation,28.49B,15.749999,17.234484,4.76,31.481,,,,,,,,,,,
WSM,"Williams-Sonoma, Inc.",23.99B,21.932072,24.225092,8.98,64.858,,,,,,,,,,,
WST,"West Pharmaceutical Services, Inc.",19.50B,40.154076,36.042553,6.75,9.93,,,,,,,,,,,
WTW,Willis Towers Watson Public Limited Company,31.22B,15.600478,18.02377,20.9,75.685,,,,,,,,,,,
WY,Weyerhaeuser Company,16.64B,50.173912,26.83721,0.46,58.233,,,,,,,,,,,
WYNN,"Wynn Resorts, Limited",13.12B,27.90708,25.12749,4.52,,,,,,,,,,,,
XEL,Xcel Energy Inc.,47.86B,24.667685,21.125328,3.28,167.891,,,,,,,,,,,
XOM,Exxon Mobil Corporation,494.32B,17.03779,14.894537,6.88,15.672,,,,,,,,,,,
XYL,Xylem Inc.,36.84B,39.09819,31.854736,3.87,18.253,,,,,,,,,,,
XYZ,"Block, Inc.",39.77B,13.169014,18.61792,4.97,36.049,,,,,,,,,,,
YUM,"Yum! Brands, Inc.",41.39B,29.068224,24.526316,5.13,,,,,,,,,,,,
ZBH,"Zimmer Biomet Holdings, Inc.",17.54B,21.960297,10.290697,4.03,64.864,,,,,,,,,,,
ZBRA,Zebra Technologies Corporation,13.15B,26.189709,16.180798,9.91,62.984,,,,,,,,,,,
ZTS,Zoetis Inc.,52.99B,20.242424,18.9653,5.94,135.05,,,,,,,,,,,